{
  "web": {
    "client_id": "956830229554-290mirc16pdhd5j7ph7v7ukibo4t1qcp.apps.googleusercontent.com",
    "project_id": "cdc-automation",
    "auth_uri": "https://accounts.google.com/o/oauth2/auth",
    "token_uri": "https://oauth2.googleapis.com/token",
    "auth_provider_x509_cert_url": "https://www.googleapis.com/oauth2/v1/certs",
    "client_secret": "ZzvcweJylL1IDLUnYOi1ws2W",
    "redirect_uris": [
      "https://www.getpostman.com/oauth2/callback"
    ],
    "javascript_origins": [
      "http://localhost:3000"
    ]
  }
}
